[
{
    "pk": 1, 
    "model": "contenttypes.contenttype", 
    "fields": {
        "model": "logentry", 
        "name": "log entry", 
        "app_label": "admin"
    }
},
{
    "pk": 2, 
    "model": "contenttypes.contenttype", 
    "fields": {
        "model": "permission", 
        "name": "permission", 
        "app_label": "auth"
    }
},
{
    "pk": 3, 
    "model": "contenttypes.contenttype", 
    "fields": {
        "model": "group", 
        "name": "group", 
        "app_label": "auth"
    }
},
{
    "pk": 4, 
    "model": "contenttypes.contenttype", 
    "fields": {
        "model": "user", 
        "name": "user", 
        "app_label": "auth"
    }
},
{
    "pk": 5, 
    "model": "contenttypes.contenttype", 
    "fields": {
        "model": "contenttype", 
        "name": "content type", 
        "app_label": "contenttypes"
    }
},
{
    "pk": 6, 
    "model": "contenttypes.contenttype", 
    "fields": {
        "model": "session", 
        "name": "session", 
        "app_label": "sessions"
    }
},
{
    "pk": 7, 
    "model": "contenttypes.contenttype", 
    "fields": {
        "model": "item", 
        "name": "item", 
        "app_label": "pinterest_example"
    }
},
{
    "pk": 8, 
    "model": "contenttypes.contenttype", 
    "fields": {
        "model": "board", 
        "name": "board", 
        "app_label": "pinterest_example"
    }
},
{
    "pk": 9, 
    "model": "contenttypes.contenttype", 
    "fields": {
        "model": "pin", 
        "name": "pin", 
        "app_label": "pinterest_example"
    }
},
{
    "pk": 10, 
    "model": "contenttypes.contenttype", 
    "fields": {
        "model": "follow", 
        "name": "follow", 
        "app_label": "pinterest_example"
    }
},
{
    "pk": 11, 
    "model": "contenttypes.contenttype", 
    "fields": {
        "model": "item", 
        "name": "item", 
        "app_label": "core"
    }
},
{
    "pk": 12, 
    "model": "contenttypes.contenttype", 
    "fields": {
        "model": "board", 
        "name": "board", 
        "app_label": "core"
    }
},
{
    "pk": 13, 
    "model": "contenttypes.contenttype", 
    "fields": {
        "model": "pin", 
        "name": "pin", 
        "app_label": "core"
    }
},
{
    "pk": 14, 
    "model": "contenttypes.contenttype", 
    "fields": {
        "model": "follow", 
        "name": "follow", 
        "app_label": "core"
    }
},
{
    "pk": 15, 
    "model": "contenttypes.contenttype", 
    "fields": {
        "model": "migrationhistory", 
        "name": "migration history", 
        "app_label": "south"
    }
},
{
    "pk": 16, 
    "model": "contenttypes.contenttype", 
    "fields": {
        "model": "taskmeta", 
        "name": "task state", 
        "app_label": "djcelery"
    }
},
{
    "pk": 17, 
    "model": "contenttypes.contenttype", 
    "fields": {
        "model": "tasksetmeta", 
        "name": "saved group result", 
        "app_label": "djcelery"
    }
},
{
    "pk": 18, 
    "model": "contenttypes.contenttype", 
    "fields": {
        "model": "intervalschedule", 
        "name": "interval", 
        "app_label": "djcelery"
    }
},
{
    "pk": 19, 
    "model": "contenttypes.contenttype", 
    "fields": {
        "model": "crontabschedule", 
        "name": "crontab", 
        "app_label": "djcelery"
    }
},
{
    "pk": 20, 
    "model": "contenttypes.contenttype", 
    "fields": {
        "model": "periodictasks", 
        "name": "periodic tasks", 
        "app_label": "djcelery"
    }
},
{
    "pk": 21, 
    "model": "contenttypes.contenttype", 
    "fields": {
        "model": "periodictask", 
        "name": "periodic task", 
        "app_label": "djcelery"
    }
},
{
    "pk": 22, 
    "model": "contenttypes.contenttype", 
    "fields": {
        "model": "workerstate", 
        "name": "worker", 
        "app_label": "djcelery"
    }
},
{
    "pk": 23, 
    "model": "contenttypes.contenttype", 
    "fields": {
        "model": "taskstate", 
        "name": "task", 
        "app_label": "djcelery"
    }
},
{
    "pk": "1zulltipfx88s75hrdrpc203xb8x4nhd", 
    "model": "sessions.session", 
    "fields": {
        "expire_date": "2014-10-13T19:14:24.457Z", 
        "session_data": "YjQ4YzcxOGQ4NjQ4NjA1ZjA0YTM1MDJkNmU2YzFhYzViNDdiZjQzZTqAAn1xAShVEl9hdXRoX3VzZXJfYmFja2VuZHECVSlkamFuZ28uY29udHJpYi5hdXRoLmJhY2tlbmRzLk1vZGVsQmFja2VuZHEDVQ1fYXV0aF91c2VyX2lkcQRLAXUu"
    }
},
{
    "pk": "6bp180yxg5xfz2kt63jsafr374o5kc2e", 
    "model": "sessions.session", 
    "fields": {
        "expire_date": "2013-09-26T13:17:47.773Z", 
        "session_data": "YjQ4YzcxOGQ4NjQ4NjA1ZjA0YTM1MDJkNmU2YzFhYzViNDdiZjQzZTqAAn1xAShVEl9hdXRoX3VzZXJfYmFja2VuZHECVSlkamFuZ28uY29udHJpYi5hdXRoLmJhY2tlbmRzLk1vZGVsQmFja2VuZHEDVQ1fYXV0aF91c2VyX2lkcQRLAXUu"
    }
},
{
    "pk": "dz0fgrpnt2b11lp7icwd54cpw2bxp8kb", 
    "model": "sessions.session", 
    "fields": {
        "expire_date": "2013-09-26T14:54:27.229Z", 
        "session_data": "YjQ4YzcxOGQ4NjQ4NjA1ZjA0YTM1MDJkNmU2YzFhYzViNDdiZjQzZTqAAn1xAShVEl9hdXRoX3VzZXJfYmFja2VuZHECVSlkamFuZ28uY29udHJpYi5hdXRoLmJhY2tlbmRzLk1vZGVsQmFja2VuZHEDVQ1fYXV0aF91c2VyX2lkcQRLAXUu"
    }
},
{
    "pk": "feofj4fbwhxjiwq8to3v3gnzavnp4ezh", 
    "model": "sessions.session", 
    "fields": {
        "expire_date": "2013-09-26T13:16:13.139Z", 
        "session_data": "NmI4YTYwYjkwMjRhYjkyMWQ3YjgwZjZhNDQxNzU4MjdiYzI0MGYwNTqAAn1xAS4="
    }
},
{
    "pk": "iw99sbfq3iijx5jtzn6sj8lqs71g2eoc", 
    "model": "sessions.session", 
    "fields": {
        "expire_date": "2013-07-30T16:42:42.373Z", 
        "session_data": "YjQ4YzcxOGQ4NjQ4NjA1ZjA0YTM1MDJkNmU2YzFhYzViNDdiZjQzZTqAAn1xAShVEl9hdXRoX3VzZXJfYmFja2VuZHECVSlkamFuZ28uY29udHJpYi5hdXRoLmJhY2tlbmRzLk1vZGVsQmFja2VuZHEDVQ1fYXV0aF91c2VyX2lkcQRLAXUu"
    }
},
{
    "pk": "ony535qk6ui39yb9daufy91byqeb8off", 
    "model": "sessions.session", 
    "fields": {
        "expire_date": "2013-07-16T12:33:24.938Z", 
        "session_data": "YjQ4YzcxOGQ4NjQ4NjA1ZjA0YTM1MDJkNmU2YzFhYzViNDdiZjQzZTqAAn1xAShVEl9hdXRoX3VzZXJfYmFja2VuZHECVSlkamFuZ28uY29udHJpYi5hdXRoLmJhY2tlbmRzLk1vZGVsQmFja2VuZHEDVQ1fYXV0aF91c2VyX2lkcQRLAXUu"
    }
},
{
    "pk": "psye6jk5rf46edp3ifg8hmrvxujsfdak", 
    "model": "sessions.session", 
    "fields": {
        "expire_date": "2014-10-21T10:15:26.765Z", 
        "session_data": "YjQ4YzcxOGQ4NjQ4NjA1ZjA0YTM1MDJkNmU2YzFhYzViNDdiZjQzZTqAAn1xAShVEl9hdXRoX3VzZXJfYmFja2VuZHECVSlkamFuZ28uY29udHJpYi5hdXRoLmJhY2tlbmRzLk1vZGVsQmFja2VuZHEDVQ1fYXV0aF91c2VyX2lkcQRLAXUu"
    }
},
{
    "pk": "wq024l4v4knnupwlo0db0y7hnb7v3v98", 
    "model": "sessions.session", 
    "fields": {
        "expire_date": "2013-09-27T16:54:10.240Z", 
        "session_data": "YjQ4YzcxOGQ4NjQ4NjA1ZjA0YTM1MDJkNmU2YzFhYzViNDdiZjQzZTqAAn1xAShVEl9hdXRoX3VzZXJfYmFja2VuZHECVSlkamFuZ28uY29udHJpYi5hdXRoLmJhY2tlbmRzLk1vZGVsQmFja2VuZHEDVQ1fYXV0aF91c2VyX2lkcQRLAXUu"
    }
},
{
    "pk": 1, 
    "model": "south.migrationhistory", 
    "fields": {
        "applied": "2013-07-03T16:54:12.261Z", 
        "app_name": "core", 
        "migration": "0001_initial"
    }
},
{
    "pk": 2, 
    "model": "south.migrationhistory", 
    "fields": {
        "applied": "2013-07-03T16:54:15.062Z", 
        "app_name": "core", 
        "migration": "0002_auto__add_field_item_pin_count__add_field_pin_created_at"
    }
},
{
    "pk": 3, 
    "model": "south.migrationhistory", 
    "fields": {
        "applied": "2014-09-30T18:20:34.536Z", 
        "app_name": "core", 
        "migration": "0003_auto__del_field_follow_deleted_at__add_field_follow_created_at"
    }
},
{
    "pk": 1, 
    "model": "auth.permission", 
    "fields": {
        "codename": "add_logentry", 
        "name": "Can add log entry", 
        "content_type": 1
    }
},
{
    "pk": 2, 
    "model": "auth.permission", 
    "fields": {
        "codename": "change_logentry", 
        "name": "Can change log entry", 
        "content_type": 1
    }
},
{
    "pk": 3, 
    "model": "auth.permission", 
    "fields": {
        "codename": "delete_logentry", 
        "name": "Can delete log entry", 
        "content_type": 1
    }
},
{
    "pk": 4, 
    "model": "auth.permission", 
    "fields": {
        "codename": "add_permission", 
        "name": "Can add permission", 
        "content_type": 2
    }
},
{
    "pk": 5, 
    "model": "auth.permission", 
    "fields": {
        "codename": "change_permission", 
        "name": "Can change permission", 
        "content_type": 2
    }
},
{
    "pk": 6, 
    "model": "auth.permission", 
    "fields": {
        "codename": "delete_permission", 
        "name": "Can delete permission", 
        "content_type": 2
    }
},
{
    "pk": 7, 
    "model": "auth.permission", 
    "fields": {
        "codename": "add_group", 
        "name": "Can add group", 
        "content_type": 3
    }
},
{
    "pk": 8, 
    "model": "auth.permission", 
    "fields": {
        "codename": "change_group", 
        "name": "Can change group", 
        "content_type": 3
    }
},
{
    "pk": 9, 
    "model": "auth.permission", 
    "fields": {
        "codename": "delete_group", 
        "name": "Can delete group", 
        "content_type": 3
    }
},
{
    "pk": 10, 
    "model": "auth.permission", 
    "fields": {
        "codename": "add_user", 
        "name": "Can add user", 
        "content_type": 4
    }
},
{
    "pk": 11, 
    "model": "auth.permission", 
    "fields": {
        "codename": "change_user", 
        "name": "Can change user", 
        "content_type": 4
    }
},
{
    "pk": 12, 
    "model": "auth.permission", 
    "fields": {
        "codename": "delete_user", 
        "name": "Can delete user", 
        "content_type": 4
    }
},
{
    "pk": 13, 
    "model": "auth.permission", 
    "fields": {
        "codename": "add_contenttype", 
        "name": "Can add content type", 
        "content_type": 5
    }
},
{
    "pk": 14, 
    "model": "auth.permission", 
    "fields": {
        "codename": "change_contenttype", 
        "name": "Can change content type", 
        "content_type": 5
    }
},
{
    "pk": 15, 
    "model": "auth.permission", 
    "fields": {
        "codename": "delete_contenttype", 
        "name": "Can delete content type", 
        "content_type": 5
    }
},
{
    "pk": 16, 
    "model": "auth.permission", 
    "fields": {
        "codename": "add_session", 
        "name": "Can add session", 
        "content_type": 6
    }
},
{
    "pk": 17, 
    "model": "auth.permission", 
    "fields": {
        "codename": "change_session", 
        "name": "Can change session", 
        "content_type": 6
    }
},
{
    "pk": 18, 
    "model": "auth.permission", 
    "fields": {
        "codename": "delete_session", 
        "name": "Can delete session", 
        "content_type": 6
    }
},
{
    "pk": 19, 
    "model": "auth.permission", 
    "fields": {
        "codename": "add_item", 
        "name": "Can add item", 
        "content_type": 7
    }
},
{
    "pk": 20, 
    "model": "auth.permission", 
    "fields": {
        "codename": "change_item", 
        "name": "Can change item", 
        "content_type": 7
    }
},
{
    "pk": 21, 
    "model": "auth.permission", 
    "fields": {
        "codename": "delete_item", 
        "name": "Can delete item", 
        "content_type": 7
    }
},
{
    "pk": 22, 
    "model": "auth.permission", 
    "fields": {
        "codename": "add_board", 
        "name": "Can add board", 
        "content_type": 8
    }
},
{
    "pk": 23, 
    "model": "auth.permission", 
    "fields": {
        "codename": "change_board", 
        "name": "Can change board", 
        "content_type": 8
    }
},
{
    "pk": 24, 
    "model": "auth.permission", 
    "fields": {
        "codename": "delete_board", 
        "name": "Can delete board", 
        "content_type": 8
    }
},
{
    "pk": 25, 
    "model": "auth.permission", 
    "fields": {
        "codename": "add_pin", 
        "name": "Can add pin", 
        "content_type": 9
    }
},
{
    "pk": 26, 
    "model": "auth.permission", 
    "fields": {
        "codename": "change_pin", 
        "name": "Can change pin", 
        "content_type": 9
    }
},
{
    "pk": 27, 
    "model": "auth.permission", 
    "fields": {
        "codename": "delete_pin", 
        "name": "Can delete pin", 
        "content_type": 9
    }
},
{
    "pk": 28, 
    "model": "auth.permission", 
    "fields": {
        "codename": "add_follow", 
        "name": "Can add follow", 
        "content_type": 10
    }
},
{
    "pk": 29, 
    "model": "auth.permission", 
    "fields": {
        "codename": "change_follow", 
        "name": "Can change follow", 
        "content_type": 10
    }
},
{
    "pk": 30, 
    "model": "auth.permission", 
    "fields": {
        "codename": "delete_follow", 
        "name": "Can delete follow", 
        "content_type": 10
    }
},
{
    "pk": 31, 
    "model": "auth.permission", 
    "fields": {
        "codename": "add_item", 
        "name": "Can add item", 
        "content_type": 11
    }
},
{
    "pk": 32, 
    "model": "auth.permission", 
    "fields": {
        "codename": "change_item", 
        "name": "Can change item", 
        "content_type": 11
    }
},
{
    "pk": 33, 
    "model": "auth.permission", 
    "fields": {
        "codename": "delete_item", 
        "name": "Can delete item", 
        "content_type": 11
    }
},
{
    "pk": 34, 
    "model": "auth.permission", 
    "fields": {
        "codename": "add_board", 
        "name": "Can add board", 
        "content_type": 12
    }
},
{
    "pk": 35, 
    "model": "auth.permission", 
    "fields": {
        "codename": "change_board", 
        "name": "Can change board", 
        "content_type": 12
    }
},
{
    "pk": 36, 
    "model": "auth.permission", 
    "fields": {
        "codename": "delete_board", 
        "name": "Can delete board", 
        "content_type": 12
    }
},
{
    "pk": 37, 
    "model": "auth.permission", 
    "fields": {
        "codename": "add_pin", 
        "name": "Can add pin", 
        "content_type": 13
    }
},
{
    "pk": 38, 
    "model": "auth.permission", 
    "fields": {
        "codename": "change_pin", 
        "name": "Can change pin", 
        "content_type": 13
    }
},
{
    "pk": 39, 
    "model": "auth.permission", 
    "fields": {
        "codename": "delete_pin", 
        "name": "Can delete pin", 
        "content_type": 13
    }
},
{
    "pk": 40, 
    "model": "auth.permission", 
    "fields": {
        "codename": "add_follow", 
        "name": "Can add follow", 
        "content_type": 14
    }
},
{
    "pk": 41, 
    "model": "auth.permission", 
    "fields": {
        "codename": "change_follow", 
        "name": "Can change follow", 
        "content_type": 14
    }
},
{
    "pk": 42, 
    "model": "auth.permission", 
    "fields": {
        "codename": "delete_follow", 
        "name": "Can delete follow", 
        "content_type": 14
    }
},
{
    "pk": 43, 
    "model": "auth.permission", 
    "fields": {
        "codename": "add_migrationhistory", 
        "name": "Can add migration history", 
        "content_type": 15
    }
},
{
    "pk": 44, 
    "model": "auth.permission", 
    "fields": {
        "codename": "change_migrationhistory", 
        "name": "Can change migration history", 
        "content_type": 15
    }
},
{
    "pk": 45, 
    "model": "auth.permission", 
    "fields": {
        "codename": "delete_migrationhistory", 
        "name": "Can delete migration history", 
        "content_type": 15
    }
},
{
    "pk": 46, 
    "model": "auth.permission", 
    "fields": {
        "codename": "add_taskmeta", 
        "name": "Can add task state", 
        "content_type": 16
    }
},
{
    "pk": 47, 
    "model": "auth.permission", 
    "fields": {
        "codename": "change_taskmeta", 
        "name": "Can change task state", 
        "content_type": 16
    }
},
{
    "pk": 48, 
    "model": "auth.permission", 
    "fields": {
        "codename": "delete_taskmeta", 
        "name": "Can delete task state", 
        "content_type": 16
    }
},
{
    "pk": 49, 
    "model": "auth.permission", 
    "fields": {
        "codename": "add_tasksetmeta", 
        "name": "Can add saved group result", 
        "content_type": 17
    }
},
{
    "pk": 50, 
    "model": "auth.permission", 
    "fields": {
        "codename": "change_tasksetmeta", 
        "name": "Can change saved group result", 
        "content_type": 17
    }
},
{
    "pk": 51, 
    "model": "auth.permission", 
    "fields": {
        "codename": "delete_tasksetmeta", 
        "name": "Can delete saved group result", 
        "content_type": 17
    }
},
{
    "pk": 52, 
    "model": "auth.permission", 
    "fields": {
        "codename": "add_intervalschedule", 
        "name": "Can add interval", 
        "content_type": 18
    }
},
{
    "pk": 53, 
    "model": "auth.permission", 
    "fields": {
        "codename": "change_intervalschedule", 
        "name": "Can change interval", 
        "content_type": 18
    }
},
{
    "pk": 54, 
    "model": "auth.permission", 
    "fields": {
        "codename": "delete_intervalschedule", 
        "name": "Can delete interval", 
        "content_type": 18
    }
},
{
    "pk": 55, 
    "model": "auth.permission", 
    "fields": {
        "codename": "add_crontabschedule", 
        "name": "Can add crontab", 
        "content_type": 19
    }
},
{
    "pk": 56, 
    "model": "auth.permission", 
    "fields": {
        "codename": "change_crontabschedule", 
        "name": "Can change crontab", 
        "content_type": 19
    }
},
{
    "pk": 57, 
    "model": "auth.permission", 
    "fields": {
        "codename": "delete_crontabschedule", 
        "name": "Can delete crontab", 
        "content_type": 19
    }
},
{
    "pk": 58, 
    "model": "auth.permission", 
    "fields": {
        "codename": "add_periodictasks", 
        "name": "Can add periodic tasks", 
        "content_type": 20
    }
},
{
    "pk": 59, 
    "model": "auth.permission", 
    "fields": {
        "codename": "change_periodictasks", 
        "name": "Can change periodic tasks", 
        "content_type": 20
    }
},
{
    "pk": 60, 
    "model": "auth.permission", 
    "fields": {
        "codename": "delete_periodictasks", 
        "name": "Can delete periodic tasks", 
        "content_type": 20
    }
},
{
    "pk": 61, 
    "model": "auth.permission", 
    "fields": {
        "codename": "add_periodictask", 
        "name": "Can add periodic task", 
        "content_type": 21
    }
},
{
    "pk": 62, 
    "model": "auth.permission", 
    "fields": {
        "codename": "change_periodictask", 
        "name": "Can change periodic task", 
        "content_type": 21
    }
},
{
    "pk": 63, 
    "model": "auth.permission", 
    "fields": {
        "codename": "delete_periodictask", 
        "name": "Can delete periodic task", 
        "content_type": 21
    }
},
{
    "pk": 64, 
    "model": "auth.permission", 
    "fields": {
        "codename": "add_workerstate", 
        "name": "Can add worker", 
        "content_type": 22
    }
},
{
    "pk": 65, 
    "model": "auth.permission", 
    "fields": {
        "codename": "change_workerstate", 
        "name": "Can change worker", 
        "content_type": 22
    }
},
{
    "pk": 66, 
    "model": "auth.permission", 
    "fields": {
        "codename": "delete_workerstate", 
        "name": "Can delete worker", 
        "content_type": 22
    }
},
{
    "pk": 67, 
    "model": "auth.permission", 
    "fields": {
        "codename": "add_taskstate", 
        "name": "Can add task", 
        "content_type": 23
    }
},
{
    "pk": 68, 
    "model": "auth.permission", 
    "fields": {
        "codename": "change_taskstate", 
        "name": "Can change task", 
        "content_type": 23
    }
},
{
    "pk": 69, 
    "model": "auth.permission", 
    "fields": {
        "codename": "delete_taskstate", 
        "name": "Can delete task", 
        "content_type": 23
    }
},
{
    "pk": 1, 
    "model": "auth.user", 
    "fields": {
        "username": "admin", 
        "first_name": "", 
        "last_name": "", 
        "is_active": true, 
        "is_superuser": true, 
        "is_staff": true, 
        "last_login": "2014-10-07T10:15:26.715Z", 
        "groups": [], 
        "user_permissions": [], 
        "password": "pbkdf2_sha256$10000$FT3tB3mdmURx$Fl/IAFKGuF877fhAlJR35hdMVzEHKv4wj0D2hXpbVTI=", 
        "email": "admin@gmail.com", 
        "date_joined": "2013-07-02T12:33:19Z"
    }
},
{
    "pk": 2, 
    "model": "auth.user", 
    "fields": {
        "username": "bogus", 
        "first_name": "", 
        "last_name": "", 
        "is_active": true, 
        "is_superuser": true, 
        "is_staff": true, 
        "last_login": "2013-07-02T14:48:46.121Z", 
        "groups": [], 
        "user_permissions": [], 
        "password": "pbkdf2_sha256$10000$Z478RyQJUIa0$t5C03JAdc5is01I80lrozwSzmK+RfLXAtS/jCjgrVKE=", 
        "email": "bogus@gmail.com", 
        "date_joined": "2013-07-02T14:48:46.121Z"
    }
},
{
    "pk": 1, 
    "model": "core.item", 
    "fields": {
        "pin_count": 0, 
        "image": "items/011.jpg", 
        "message": "beautiful flowers in the window", 
        "user": 1, 
        "source_url": "google.com"
    }
},
{
    "pk": 2, 
    "model": "core.item", 
    "fields": {
        "pin_count": 0, 
        "image": "items/261379381_d8fde25053fa.jpg", 
        "message": "", 
        "user": 1, 
        "source_url": "http://www.google.com/"
    }
},
{
    "pk": 3, 
    "model": "core.item", 
    "fields": {
        "pin_count": 0, 
        "image": "items/293704645_b4c6dab8ed99.jpg", 
        "message": "", 
        "user": 1, 
        "source_url": "http://www.google.com/"
    }
},
{
    "pk": 4, 
    "model": "core.item", 
    "fields": {
        "pin_count": 0, 
        "image": "items/144568575661705981_4ade117f9005.jpeg", 
        "message": "", 
        "user": 1, 
        "source_url": "http://www.google.com/"
    }
},
{
    "pk": 5, 
    "model": "core.item", 
    "fields": {
        "pin_count": 0, 
        "image": "items/164471358120532732_a3ae9498ad97.jpg", 
        "message": "", 
        "user": 1, 
        "source_url": "http://www.google.com/"
    }
},
{
    "pk": 6, 
    "model": "core.item", 
    "fields": {
        "pin_count": 0, 
        "image": "items/184290639033145973_71e492dacec6.jpeg", 
        "message": "", 
        "user": 1, 
        "source_url": "http://www.google.com/"
    }
},
{
    "pk": 7, 
    "model": "core.item", 
    "fields": {
        "pin_count": 0, 
        "image": "items/272236897059737539_c4806e0b14c4.jpg", 
        "message": "But I must explain to you how all this mistaken idea of denouncing pleasure and praising pain was born and I will give you a complete account of the system, and expound the actual teachings", 
        "user": 1, 
        "source_url": "http://www.google.com/"
    }
},
{
    "pk": 9, 
    "model": "core.item", 
    "fields": {
        "pin_count": 0, 
        "image": "items/275088534757448505_4f85768f71ec.jpg", 
        "message": "\"Lorem ipsum dolor sit amet, consectetur adipisicing elit, sed do eiusmod tempor incididunt ut labore et dolore magna aliqua. Ut enim ad minim veniam, qui", 
        "user": 1, 
        "source_url": "http://www.google.com/"
    }
},
{
    "pk": 10, 
    "model": "core.item", 
    "fields": {
        "pin_count": 0, 
        "image": "items/281485446934954481_c04cfc76c018.png", 
        "message": "It is a long established fact that a reader will be distracted by the readable content of a page when looking at its layout. The point of using Lorem Ipsum is that it has a more-or-less normal distribution of letters, as opposed to using 'Content here, content here', making it look like ", 
        "user": 1, 
        "source_url": "http://www.google.com/"
    }
},
{
    "pk": 11, 
    "model": "core.item", 
    "fields": {
        "pin_count": 0, 
        "image": "items/389230669370236857_335b7c698687.jpg", 
        "message": "Lorem Ipsum is simply dummy text of the printing and typesetting industry. Lorem Ipsum has been the industry's standard dummy text ever since the 1500s, when an unknown printer took a galley of type and scrambled it to make a type specimen book. It has survived not only five centuries", 
        "user": 1, 
        "source_url": "http://www.google.com/"
    }
},
{
    "pk": 12, 
    "model": "core.item", 
    "fields": {
        "pin_count": 0, 
        "image": "items/1addc6292e97f5f796cf368df5d4b322.jpg", 
        "message": "squirel power!", 
        "user": 1, 
        "source_url": "http://www.google.com/"
    }
},
{
    "pk": 14, 
    "model": "core.item", 
    "fields": {
        "pin_count": 0, 
        "image": "items/6fb3f77d22ddc23305fcd1a2fd8c4e80_1.jpg", 
        "message": "designed amazingness", 
        "user": 1, 
        "source_url": "http://www.google.com"
    }
},
{
    "pk": 15, 
    "model": "core.item", 
    "fields": {
        "pin_count": 0, 
        "image": "items/73f98aae32e30a729bdf1031a78db65a.jpg", 
        "message": "Outdoor", 
        "user": 1, 
        "source_url": "http://www.google.com/"
    }
},
{
    "pk": 16, 
    "model": "core.item", 
    "fields": {
        "pin_count": 0, 
        "image": "items/70602b9d4f965eee1d0345d99622798f.jpg", 
        "message": "paris", 
        "user": 1, 
        "source_url": "http://www.google.com/"
    }
},
{
    "pk": 17, 
    "model": "core.item", 
    "fields": {
        "pin_count": 0, 
        "image": "items/167111313523218252_a6046175bb32.jpeg", 
        "message": "relax", 
        "user": 1, 
        "source_url": "http://www.google.com/"
    }
},
{
    "pk": 18, 
    "model": "core.item", 
    "fields": {
        "pin_count": 0, 
        "image": "items/e315a43813c5533b9f47754406019e24.jpg", 
        "message": "cuddle", 
        "user": 1, 
        "source_url": "http://www.google.com/"
    }
},
{
    "pk": 19, 
    "model": "core.item", 
    "fields": {
        "pin_count": 0, 
        "image": "items/e2110e4545f1cc11043659fdd9c07b43.jpg", 
        "message": "", 
        "user": 1, 
        "source_url": "http://www.google.com/"
    }
},
{
    "pk": 1, 
    "model": "core.board", 
    "fields": {
        "description": "", 
        "user": 2, 
        "slug": "design", 
        "name": "Design"
    }
},
{
    "pk": 2, 
    "model": "core.board", 
    "fields": {
        "description": null, 
        "user": 1, 
        "slug": "my-favourite-things", 
        "name": "My favourite things"
    }
},
{
    "pk": 1, 
    "model": "core.pin", 
    "fields": {
        "created_at": "2013-07-03T00:00:00Z", 
        "item": 1, 
        "user": 1, 
        "influencer": 1, 
        "message": "beautiful flowers in the window\r\n", 
        "board": 1
    }
},
{
    "pk": 2, 
    "model": "core.pin", 
    "fields": {
        "created_at": "2013-07-03T00:00:00Z", 
        "item": 1, 
        "user": 1, 
        "influencer": 1, 
        "message": "Super awesome repin!", 
        "board": 1
    }
},
{
    "pk": 3, 
    "model": "core.pin", 
    "fields": {
        "created_at": "2013-07-03T00:00:00Z", 
        "item": 1, 
        "user": 1, 
        "influencer": 1, 
        "message": "Super awesome repin!", 
        "board": 1
    }
},
{
    "pk": 4, 
    "model": "core.pin", 
    "fields": {
        "created_at": "2013-07-03T00:00:00Z", 
        "item": 3, 
        "user": 1, 
        "influencer": 1, 
        "message": "", 
        "board": 1
    }
},
{
    "pk": 5, 
    "model": "core.pin", 
    "fields": {
        "created_at": "2013-07-03T00:00:00Z", 
        "item": 1, 
        "user": 1, 
        "influencer": 1, 
        "message": "", 
        "board": 1
    }
},
{
    "pk": 6, 
    "model": "core.pin", 
    "fields": {
        "created_at": "2013-07-03T00:00:00Z", 
        "item": 1, 
        "user": 1, 
        "influencer": 1, 
        "message": "", 
        "board": 1
    }
},
{
    "pk": 7, 
    "model": "core.pin", 
    "fields": {
        "created_at": "2013-07-03T16:54:59.345Z", 
        "item": 1, 
        "user": 1, 
        "influencer": 1, 
        "message": "", 
        "board": 1
    }
},
{
    "pk": 8, 
    "model": "core.pin", 
    "fields": {
        "created_at": "2013-07-03T16:57:56.651Z", 
        "item": 1, 
        "user": 1, 
        "influencer": 1, 
        "message": "", 
        "board": 1
    }
},
{
    "pk": 9, 
    "model": "core.pin", 
    "fields": {
        "created_at": "2013-07-03T17:01:13.976Z", 
        "item": 1, 
        "user": 1, 
        "influencer": 1, 
        "message": "", 
        "board": 1
    }
},
{
    "pk": 10, 
    "model": "core.pin", 
    "fields": {
        "created_at": "2013-07-03T17:01:47.329Z", 
        "item": 1, 
        "user": 1, 
        "influencer": 1, 
        "message": "", 
        "board": 1
    }
},
{
    "pk": 11, 
    "model": "core.pin", 
    "fields": {
        "created_at": "2013-07-03T17:02:53.677Z", 
        "item": 1, 
        "user": 1, 
        "influencer": 1, 
        "message": "", 
        "board": 1
    }
},
{
    "pk": 12, 
    "model": "core.pin", 
    "fields": {
        "created_at": "2013-07-03T17:02:58.618Z", 
        "item": 1, 
        "user": 1, 
        "influencer": 1, 
        "message": "", 
        "board": 1
    }
},
{
    "pk": 13, 
    "model": "core.pin", 
    "fields": {
        "created_at": "2013-07-03T17:03:32.598Z", 
        "item": 1, 
        "user": 1, 
        "influencer": 1, 
        "message": "", 
        "board": 1
    }
},
{
    "pk": 14, 
    "model": "core.pin", 
    "fields": {
        "created_at": "2013-07-03T17:03:36.323Z", 
        "item": 1, 
        "user": 1, 
        "influencer": 1, 
        "message": "", 
        "board": 1
    }
},
{
    "pk": 15, 
    "model": "core.pin", 
    "fields": {
        "created_at": "2013-07-03T17:03:59.311Z", 
        "item": 1, 
        "user": 1, 
        "influencer": 1, 
        "message": "", 
        "board": 1
    }
},
{
    "pk": 16, 
    "model": "core.pin", 
    "fields": {
        "created_at": "2013-07-03T17:04:26.049Z", 
        "item": 1, 
        "user": 1, 
        "influencer": 1, 
        "message": "", 
        "board": 1
    }
},
{
    "pk": 17, 
    "model": "core.pin", 
    "fields": {
        "created_at": "2013-07-03T17:04:35.105Z", 
        "item": 1, 
        "user": 1, 
        "influencer": 1, 
        "message": "", 
        "board": 1
    }
},
{
    "pk": 18, 
    "model": "core.pin", 
    "fields": {
        "created_at": "2013-07-03T17:04:36.898Z", 
        "item": 1, 
        "user": 1, 
        "influencer": 1, 
        "message": "", 
        "board": 1
    }
},
{
    "pk": 19, 
    "model": "core.pin", 
    "fields": {
        "created_at": "2013-07-03T17:04:38.509Z", 
        "item": 1, 
        "user": 1, 
        "influencer": 1, 
        "message": "", 
        "board": 1
    }
},
{
    "pk": 20, 
    "model": "core.pin", 
    "fields": {
        "created_at": "2013-07-03T17:04:39.914Z", 
        "item": 1, 
        "user": 1, 
        "influencer": 1, 
        "message": "", 
        "board": 1
    }
},
{
    "pk": 21, 
    "model": "core.pin", 
    "fields": {
        "created_at": "2013-07-03T17:04:55.901Z", 
        "item": 7, 
        "user": 1, 
        "influencer": 1, 
        "message": "", 
        "board": 1
    }
},
{
    "pk": 22, 
    "model": "core.pin", 
    "fields": {
        "created_at": "2013-07-03T17:07:06.186Z", 
        "item": 10, 
        "user": 1, 
        "influencer": 1, 
        "message": "", 
        "board": 1
    }
},
{
    "pk": 23, 
    "model": "core.pin", 
    "fields": {
        "created_at": "2013-07-03T17:07:40.889Z", 
        "item": 10, 
        "user": 1, 
        "influencer": 1, 
        "message": "", 
        "board": 1
    }
},
{
    "pk": 24, 
    "model": "core.pin", 
    "fields": {
        "created_at": "2013-07-03T17:08:34.183Z", 
        "item": 10, 
        "user": 1, 
        "influencer": 1, 
        "message": "", 
        "board": 1
    }
},
{
    "pk": 25, 
    "model": "core.pin", 
    "fields": {
        "created_at": "2013-07-03T17:08:41.923Z", 
        "item": 10, 
        "user": 1, 
        "influencer": 1, 
        "message": "", 
        "board": 1
    }
},
{
    "pk": 26, 
    "model": "core.pin", 
    "fields": {
        "created_at": "2013-07-03T17:08:55.569Z", 
        "item": 11, 
        "user": 1, 
        "influencer": 1, 
        "message": "", 
        "board": 1
    }
},
{
    "pk": 27, 
    "model": "core.pin", 
    "fields": {
        "created_at": "2013-07-03T17:11:27.797Z", 
        "item": 11, 
        "user": 1, 
        "influencer": 1, 
        "message": "", 
        "board": 1
    }
},
{
    "pk": 28, 
    "model": "core.pin", 
    "fields": {
        "created_at": "2013-07-03T17:29:39.857Z", 
        "item": 3, 
        "user": 1, 
        "influencer": 1, 
        "message": "", 
        "board": 1
    }
},
{
    "pk": 29, 
    "model": "core.pin", 
    "fields": {
        "created_at": "2013-07-03T17:30:48.010Z", 
        "item": 1, 
        "user": 1, 
        "influencer": 1, 
        "message": "", 
        "board": 1
    }
},
{
    "pk": 30, 
    "model": "core.pin", 
    "fields": {
        "created_at": "2013-07-03T17:31:55.940Z", 
        "item": 1, 
        "user": 1, 
        "influencer": 1, 
        "message": "", 
        "board": 1
    }
},
{
    "pk": 31, 
    "model": "core.pin", 
    "fields": {
        "created_at": "2013-07-03T17:32:00.663Z", 
        "item": 1, 
        "user": 1, 
        "influencer": 1, 
        "message": "", 
        "board": 1
    }
},
{
    "pk": 32, 
    "model": "core.pin", 
    "fields": {
        "created_at": "2013-07-03T17:32:24.283Z", 
        "item": 3, 
        "user": 1, 
        "influencer": 1, 
        "message": "", 
        "board": 1
    }
},
{
    "pk": 33, 
    "model": "core.pin", 
    "fields": {
        "created_at": "2013-07-03T17:33:44.342Z", 
        "item": 3, 
        "user": 1, 
        "influencer": 1, 
        "message": "", 
        "board": 1
    }
},
{
    "pk": 34, 
    "model": "core.pin", 
    "fields": {
        "created_at": "2013-07-03T17:33:47.103Z", 
        "item": 3, 
        "user": 1, 
        "influencer": 1, 
        "message": "", 
        "board": 1
    }
},
{
    "pk": 35, 
    "model": "core.pin", 
    "fields": {
        "created_at": "2013-07-03T17:33:57.547Z", 
        "item": 3, 
        "user": 1, 
        "influencer": 1, 
        "message": "", 
        "board": 1
    }
},
{
    "pk": 36, 
    "model": "core.pin", 
    "fields": {
        "created_at": "2013-07-03T17:34:22.616Z", 
        "item": 3, 
        "user": 1, 
        "influencer": 1, 
        "message": "", 
        "board": 1
    }
},
{
    "pk": 37, 
    "model": "core.pin", 
    "fields": {
        "created_at": "2013-07-03T17:34:37.204Z", 
        "item": 3, 
        "user": 1, 
        "influencer": 1, 
        "message": "", 
        "board": 1
    }
},
{
    "pk": 38, 
    "model": "core.pin", 
    "fields": {
        "created_at": "2013-07-03T17:34:46.510Z", 
        "item": 3, 
        "user": 1, 
        "influencer": 1, 
        "message": "", 
        "board": 1
    }
},
{
    "pk": 39, 
    "model": "core.pin", 
    "fields": {
        "created_at": "2013-07-03T17:35:15.279Z", 
        "item": 3, 
        "user": 1, 
        "influencer": 1, 
        "message": "", 
        "board": 1
    }
},
{
    "pk": 40, 
    "model": "core.pin", 
    "fields": {
        "created_at": "2013-07-03T17:35:31.246Z", 
        "item": 5, 
        "user": 1, 
        "influencer": 1, 
        "message": "", 
        "board": 1
    }
},
{
    "pk": 41, 
    "model": "core.pin", 
    "fields": {
        "created_at": "2013-07-03T17:36:00.050Z", 
        "item": 1, 
        "user": 1, 
        "influencer": 1, 
        "message": "", 
        "board": 1
    }
},
{
    "pk": 42, 
    "model": "core.pin", 
    "fields": {
        "created_at": "2013-07-03T17:36:39.187Z", 
        "item": 1, 
        "user": 1, 
        "influencer": 1, 
        "message": "", 
        "board": 1
    }
},
{
    "pk": 43, 
    "model": "core.pin", 
    "fields": {
        "created_at": "2013-07-03T17:37:44.764Z", 
        "item": 5, 
        "user": 1, 
        "influencer": 1, 
        "message": "", 
        "board": 1
    }
},
{
    "pk": 44, 
    "model": "core.pin", 
    "fields": {
        "created_at": "2013-07-03T17:39:56.646Z", 
        "item": 3, 
        "user": 1, 
        "influencer": 1, 
        "message": "", 
        "board": 1
    }
},
{
    "pk": 45, 
    "model": "core.pin", 
    "fields": {
        "created_at": "2013-07-03T17:40:23.724Z", 
        "item": 5, 
        "user": 1, 
        "influencer": 1, 
        "message": "", 
        "board": 1
    }
},
{
    "pk": 46, 
    "model": "core.pin", 
    "fields": {
        "created_at": "2013-07-03T17:40:27.959Z", 
        "item": 5, 
        "user": 1, 
        "influencer": 1, 
        "message": "", 
        "board": 1
    }
},
{
    "pk": 47, 
    "model": "core.pin", 
    "fields": {
        "created_at": "2013-07-03T17:40:30.784Z", 
        "item": 4, 
        "user": 1, 
        "influencer": 1, 
        "message": "", 
        "board": 1
    }
},
{
    "pk": 48, 
    "model": "core.pin", 
    "fields": {
        "created_at": "2013-07-03T17:40:44.828Z", 
        "item": 6, 
        "user": 1, 
        "influencer": 1, 
        "message": "", 
        "board": 1
    }
},
{
    "pk": 49, 
    "model": "core.pin", 
    "fields": {
        "created_at": "2013-07-03T17:41:38.043Z", 
        "item": 3, 
        "user": 1, 
        "influencer": 1, 
        "message": "", 
        "board": 1
    }
},
{
    "pk": 50, 
    "model": "core.pin", 
    "fields": {
        "created_at": "2013-07-03T17:41:46.028Z", 
        "item": 3, 
        "user": 1, 
        "influencer": 1, 
        "message": "", 
        "board": 1
    }
},
{
    "pk": 51, 
    "model": "core.pin", 
    "fields": {
        "created_at": "2013-07-03T17:42:05.186Z", 
        "item": 3, 
        "user": 1, 
        "influencer": 1, 
        "message": "", 
        "board": 1
    }
},
{
    "pk": 52, 
    "model": "core.pin", 
    "fields": {
        "created_at": "2013-07-03T17:42:16.074Z", 
        "item": 4, 
        "user": 1, 
        "influencer": 1, 
        "message": "", 
        "board": 1
    }
},
{
    "pk": 53, 
    "model": "core.pin", 
    "fields": {
        "created_at": "2013-07-03T17:42:27.533Z", 
        "item": 3, 
        "user": 1, 
        "influencer": 1, 
        "message": "", 
        "board": 1
    }
},
{
    "pk": 54, 
    "model": "core.pin", 
    "fields": {
        "created_at": "2013-07-04T10:02:49.790Z", 
        "item": 1, 
        "user": 1, 
        "influencer": 1, 
        "message": "", 
        "board": 1
    }
},
{
    "pk": 55, 
    "model": "core.pin", 
    "fields": {
        "created_at": "2013-07-04T10:05:13.807Z", 
        "item": 5, 
        "user": 1, 
        "influencer": 1, 
        "message": "", 
        "board": 1
    }
},
{
    "pk": 56, 
    "model": "core.pin", 
    "fields": {
        "created_at": "2013-07-05T14:09:23.752Z", 
        "item": 1, 
        "user": 1, 
        "influencer": 1, 
        "message": "", 
        "board": 1
    }
},
{
    "pk": 57, 
    "model": "core.pin", 
    "fields": {
        "created_at": "2013-07-05T14:10:13.670Z", 
        "item": 1, 
        "user": 1, 
        "influencer": 1, 
        "message": "", 
        "board": 1
    }
},
{
    "pk": 58, 
    "model": "core.pin", 
    "fields": {
        "created_at": "2013-07-05T14:24:30.370Z", 
        "item": 3, 
        "user": 1, 
        "influencer": 1, 
        "message": "", 
        "board": 1
    }
},
{
    "pk": 59, 
    "model": "core.pin", 
    "fields": {
        "created_at": "2013-07-05T14:26:18.082Z", 
        "item": 1, 
        "user": 1, 
        "influencer": 1, 
        "message": "", 
        "board": 1
    }
},
{
    "pk": 60, 
    "model": "core.pin", 
    "fields": {
        "created_at": "2013-07-05T14:28:00.153Z", 
        "item": 1, 
        "user": 1, 
        "influencer": 1, 
        "message": "", 
        "board": 1
    }
},
{
    "pk": 61, 
    "model": "core.pin", 
    "fields": {
        "created_at": "2013-07-05T14:29:45.764Z", 
        "item": 1, 
        "user": 1, 
        "influencer": 1, 
        "message": "", 
        "board": 1
    }
},
{
    "pk": 62, 
    "model": "core.pin", 
    "fields": {
        "created_at": "2013-07-05T14:30:21.452Z", 
        "item": 1, 
        "user": 1, 
        "influencer": 1, 
        "message": "", 
        "board": 1
    }
},
{
    "pk": 63, 
    "model": "core.pin", 
    "fields": {
        "created_at": "2013-07-05T14:30:44.205Z", 
        "item": 1, 
        "user": 1, 
        "influencer": 1, 
        "message": "", 
        "board": 1
    }
},
{
    "pk": 64, 
    "model": "core.pin", 
    "fields": {
        "created_at": "2013-07-05T14:30:52.817Z", 
        "item": 1, 
        "user": 1, 
        "influencer": 1, 
        "message": "", 
        "board": 1
    }
},
{
    "pk": 65, 
    "model": "core.pin", 
    "fields": {
        "created_at": "2013-07-05T14:32:21.199Z", 
        "item": 1, 
        "user": 1, 
        "influencer": 1, 
        "message": "", 
        "board": 1
    }
},
{
    "pk": 66, 
    "model": "core.pin", 
    "fields": {
        "created_at": "2013-07-05T14:49:19.519Z", 
        "item": 3, 
        "user": 1, 
        "influencer": 1, 
        "message": "", 
        "board": 1
    }
},
{
    "pk": 67, 
    "model": "core.pin", 
    "fields": {
        "created_at": "2013-07-05T14:49:35.821Z", 
        "item": 3, 
        "user": 1, 
        "influencer": 1, 
        "message": "", 
        "board": 1
    }
},
{
    "pk": 68, 
    "model": "core.pin", 
    "fields": {
        "created_at": "2013-07-05T14:54:34.191Z", 
        "item": 3, 
        "user": 1, 
        "influencer": 1, 
        "message": "", 
        "board": 1
    }
},
{
    "pk": 69, 
    "model": "core.pin", 
    "fields": {
        "created_at": "2013-07-05T14:58:14.918Z", 
        "item": 1, 
        "user": 1, 
        "influencer": 1, 
        "message": "", 
        "board": 1
    }
},
{
    "pk": 70, 
    "model": "core.pin", 
    "fields": {
        "created_at": "2013-07-05T14:58:22.855Z", 
        "item": 1, 
        "user": 1, 
        "influencer": 1, 
        "message": "", 
        "board": 1
    }
},
{
    "pk": 71, 
    "model": "core.pin", 
    "fields": {
        "created_at": "2013-07-05T15:05:59.268Z", 
        "item": 6, 
        "user": 1, 
        "influencer": 1, 
        "message": "", 
        "board": 1
    }
},
{
    "pk": 72, 
    "model": "core.pin", 
    "fields": {
        "created_at": "2013-07-05T15:07:00.290Z", 
        "item": 6, 
        "user": 1, 
        "influencer": 1, 
        "message": "", 
        "board": 1
    }
},
{
    "pk": 73, 
    "model": "core.pin", 
    "fields": {
        "created_at": "2013-07-05T15:07:22.910Z", 
        "item": 6, 
        "user": 1, 
        "influencer": 1, 
        "message": "", 
        "board": 1
    }
},
{
    "pk": 74, 
    "model": "core.pin", 
    "fields": {
        "created_at": "2013-07-05T15:07:30.291Z", 
        "item": 11, 
        "user": 1, 
        "influencer": 1, 
        "message": "", 
        "board": 1
    }
},
{
    "pk": 75, 
    "model": "core.pin", 
    "fields": {
        "created_at": "2013-07-05T15:07:42.584Z", 
        "item": 4, 
        "user": 1, 
        "influencer": 1, 
        "message": "", 
        "board": 1
    }
},
{
    "pk": 76, 
    "model": "core.pin", 
    "fields": {
        "created_at": "2013-07-05T15:15:59.348Z", 
        "item": 5, 
        "user": 1, 
        "influencer": 1, 
        "message": "", 
        "board": 1
    }
},
{
    "pk": 77, 
    "model": "core.pin", 
    "fields": {
        "created_at": "2013-07-05T15:16:17.255Z", 
        "item": 5, 
        "user": 1, 
        "influencer": 1, 
        "message": "", 
        "board": 1
    }
},
{
    "pk": 78, 
    "model": "core.pin", 
    "fields": {
        "created_at": "2013-07-05T15:16:24.280Z", 
        "item": 5, 
        "user": 1, 
        "influencer": 1, 
        "message": "", 
        "board": 1
    }
},
{
    "pk": 79, 
    "model": "core.pin", 
    "fields": {
        "created_at": "2013-07-05T15:17:42.847Z", 
        "item": 7, 
        "user": 1, 
        "influencer": 1, 
        "message": "", 
        "board": 1
    }
},
{
    "pk": 80, 
    "model": "core.pin", 
    "fields": {
        "created_at": "2013-07-05T15:17:52.785Z", 
        "item": 7, 
        "user": 1, 
        "influencer": 1, 
        "message": "", 
        "board": 1
    }
},
{
    "pk": 81, 
    "model": "core.pin", 
    "fields": {
        "created_at": "2013-07-05T15:18:05.521Z", 
        "item": 6, 
        "user": 1, 
        "influencer": 1, 
        "message": "", 
        "board": 1
    }
},
{
    "pk": 82, 
    "model": "core.pin", 
    "fields": {
        "created_at": "2013-07-05T15:20:40.108Z", 
        "item": 4, 
        "user": 1, 
        "influencer": 1, 
        "message": "", 
        "board": 1
    }
},
{
    "pk": 83, 
    "model": "core.pin", 
    "fields": {
        "created_at": "2013-07-05T15:20:43.708Z", 
        "item": 6, 
        "user": 1, 
        "influencer": 1, 
        "message": "", 
        "board": 1
    }
},
{
    "pk": 84, 
    "model": "core.pin", 
    "fields": {
        "created_at": "2013-07-05T15:20:45.959Z", 
        "item": 9, 
        "user": 1, 
        "influencer": 1, 
        "message": "", 
        "board": 1
    }
},
{
    "pk": 85, 
    "model": "core.pin", 
    "fields": {
        "created_at": "2013-07-08T13:01:16.264Z", 
        "item": 3, 
        "user": 1, 
        "influencer": 1, 
        "message": "", 
        "board": 1
    }
},
{
    "pk": 86, 
    "model": "core.pin", 
    "fields": {
        "created_at": "2013-07-08T13:01:21.608Z", 
        "item": 6, 
        "user": 1, 
        "influencer": 1, 
        "message": "", 
        "board": 1
    }
},
{
    "pk": 87, 
    "model": "core.pin", 
    "fields": {
        "created_at": "2013-07-08T13:01:24.666Z", 
        "item": 11, 
        "user": 1, 
        "influencer": 1, 
        "message": "", 
        "board": 1
    }
},
{
    "pk": 88, 
    "model": "core.pin", 
    "fields": {
        "created_at": "2013-07-08T13:03:30.071Z", 
        "item": 4, 
        "user": 1, 
        "influencer": 1, 
        "message": "", 
        "board": 1
    }
},
{
    "pk": 89, 
    "model": "core.pin", 
    "fields": {
        "created_at": "2013-07-08T13:03:50.682Z", 
        "item": 10, 
        "user": 1, 
        "influencer": 1, 
        "message": "", 
        "board": 1
    }
},
{
    "pk": 90, 
    "model": "core.pin", 
    "fields": {
        "created_at": "2013-07-12T15:24:10.538Z", 
        "item": 1, 
        "user": 1, 
        "influencer": 1, 
        "message": "", 
        "board": 1
    }
},
{
    "pk": 91, 
    "model": "core.pin", 
    "fields": {
        "created_at": "2013-07-12T15:24:45.781Z", 
        "item": 3, 
        "user": 1, 
        "influencer": 1, 
        "message": "", 
        "board": 1
    }
},
{
    "pk": 92, 
    "model": "core.pin", 
    "fields": {
        "created_at": "2013-07-12T15:25:09.520Z", 
        "item": 3, 
        "user": 1, 
        "influencer": 1, 
        "message": "", 
        "board": 1
    }
},
{
    "pk": 93, 
    "model": "core.pin", 
    "fields": {
        "created_at": "2013-07-12T15:25:29.371Z", 
        "item": 3, 
        "user": 1, 
        "influencer": 1, 
        "message": "", 
        "board": 1
    }
},
{
    "pk": 94, 
    "model": "core.pin", 
    "fields": {
        "created_at": "2013-07-12T15:25:46.846Z", 
        "item": 3, 
        "user": 1, 
        "influencer": 1, 
        "message": "", 
        "board": 1
    }
},
{
    "pk": 95, 
    "model": "core.pin", 
    "fields": {
        "created_at": "2013-07-12T15:26:12.689Z", 
        "item": 3, 
        "user": 1, 
        "influencer": 1, 
        "message": "", 
        "board": 1
    }
},
{
    "pk": 96, 
    "model": "core.pin", 
    "fields": {
        "created_at": "2013-07-12T15:26:46.841Z", 
        "item": 3, 
        "user": 1, 
        "influencer": 1, 
        "message": "", 
        "board": 1
    }
},
{
    "pk": 97, 
    "model": "core.pin", 
    "fields": {
        "created_at": "2013-07-12T15:26:49.030Z", 
        "item": 3, 
        "user": 1, 
        "influencer": 1, 
        "message": "", 
        "board": 1
    }
},
{
    "pk": 98, 
    "model": "core.pin", 
    "fields": {
        "created_at": "2013-07-12T15:27:29.088Z", 
        "item": 3, 
        "user": 1, 
        "influencer": 1, 
        "message": "", 
        "board": 1
    }
},
{
    "pk": 99, 
    "model": "core.pin", 
    "fields": {
        "created_at": "2013-07-12T15:27:49.727Z", 
        "item": 3, 
        "user": 1, 
        "influencer": 1, 
        "message": "", 
        "board": 1
    }
},
{
    "pk": 100, 
    "model": "core.pin", 
    "fields": {
        "created_at": "2013-07-12T15:27:56.273Z", 
        "item": 3, 
        "user": 1, 
        "influencer": 1, 
        "message": "", 
        "board": 1
    }
},
{
    "pk": 101, 
    "model": "core.pin", 
    "fields": {
        "created_at": "2013-07-12T15:28:09.255Z", 
        "item": 3, 
        "user": 1, 
        "influencer": 1, 
        "message": "", 
        "board": 1
    }
},
{
    "pk": 102, 
    "model": "core.pin", 
    "fields": {
        "created_at": "2013-07-12T15:28:13.440Z", 
        "item": 3, 
        "user": 1, 
        "influencer": 1, 
        "message": "", 
        "board": 1
    }
},
{
    "pk": 103, 
    "model": "core.pin", 
    "fields": {
        "created_at": "2013-07-12T15:28:26.235Z", 
        "item": 3, 
        "user": 1, 
        "influencer": 1, 
        "message": "", 
        "board": 1
    }
},
{
    "pk": 104, 
    "model": "core.pin", 
    "fields": {
        "created_at": "2013-07-12T15:30:06.000Z", 
        "item": 3, 
        "user": 1, 
        "influencer": 1, 
        "message": "", 
        "board": 1
    }
},
{
    "pk": 105, 
    "model": "core.pin", 
    "fields": {
        "created_at": "2013-07-12T15:31:17.951Z", 
        "item": 3, 
        "user": 1, 
        "influencer": 1, 
        "message": "", 
        "board": 1
    }
},
{
    "pk": 106, 
    "model": "core.pin", 
    "fields": {
        "created_at": "2013-07-12T15:31:20.222Z", 
        "item": 3, 
        "user": 1, 
        "influencer": 1, 
        "message": "", 
        "board": 1
    }
},
{
    "pk": 107, 
    "model": "core.pin", 
    "fields": {
        "created_at": "2013-07-12T15:31:51.904Z", 
        "item": 9, 
        "user": 1, 
        "influencer": 1, 
        "message": "", 
        "board": 1
    }
},
{
    "pk": 108, 
    "model": "core.pin", 
    "fields": {
        "created_at": "2013-07-12T15:32:07.157Z", 
        "item": 3, 
        "user": 1, 
        "influencer": 1, 
        "message": "", 
        "board": 1
    }
},
{
    "pk": 109, 
    "model": "core.pin", 
    "fields": {
        "created_at": "2013-07-12T15:32:15.663Z", 
        "item": 11, 
        "user": 1, 
        "influencer": 1, 
        "message": "", 
        "board": 1
    }
},
{
    "pk": 110, 
    "model": "core.pin", 
    "fields": {
        "created_at": "2013-07-12T15:34:01.373Z", 
        "item": 11, 
        "user": 1, 
        "influencer": 1, 
        "message": "", 
        "board": 1
    }
},
{
    "pk": 111, 
    "model": "core.pin", 
    "fields": {
        "created_at": "2013-07-12T15:34:10.345Z", 
        "item": 6, 
        "user": 1, 
        "influencer": 1, 
        "message": "", 
        "board": 1
    }
},
{
    "pk": 112, 
    "model": "core.pin", 
    "fields": {
        "created_at": "2013-07-12T15:35:15.672Z", 
        "item": 6, 
        "user": 1, 
        "influencer": 1, 
        "message": "", 
        "board": 1
    }
},
{
    "pk": 113, 
    "model": "core.pin", 
    "fields": {
        "created_at": "2013-07-12T15:37:41.993Z", 
        "item": 6, 
        "user": 1, 
        "influencer": 1, 
        "message": "", 
        "board": 1
    }
},
{
    "pk": 114, 
    "model": "core.pin", 
    "fields": {
        "created_at": "2013-07-12T15:38:12.218Z", 
        "item": 6, 
        "user": 1, 
        "influencer": 1, 
        "message": "", 
        "board": 1
    }
},
{
    "pk": 115, 
    "model": "core.pin", 
    "fields": {
        "created_at": "2013-07-12T15:38:16.550Z", 
        "item": 6, 
        "user": 1, 
        "influencer": 1, 
        "message": "", 
        "board": 1
    }
},
{
    "pk": 116, 
    "model": "core.pin", 
    "fields": {
        "created_at": "2013-07-12T15:38:23.862Z", 
        "item": 9, 
        "user": 1, 
        "influencer": 1, 
        "message": "", 
        "board": 1
    }
},
{
    "pk": 117, 
    "model": "core.pin", 
    "fields": {
        "created_at": "2013-07-15T08:22:28.352Z", 
        "item": 1, 
        "user": 1, 
        "influencer": 1, 
        "message": "", 
        "board": 1
    }
},
{
    "pk": 118, 
    "model": "core.pin", 
    "fields": {
        "created_at": "2013-07-15T08:28:46.709Z", 
        "item": 1, 
        "user": 1, 
        "influencer": 1, 
        "message": "", 
        "board": 1
    }
},
{
    "pk": 119, 
    "model": "core.pin", 
    "fields": {
        "created_at": "2013-07-15T08:28:51.726Z", 
        "item": 3, 
        "user": 1, 
        "influencer": 1, 
        "message": "", 
        "board": 1
    }
},
{
    "pk": 120, 
    "model": "core.pin", 
    "fields": {
        "created_at": "2013-07-15T13:24:48.718Z", 
        "item": 1, 
        "user": 1, 
        "influencer": 1, 
        "message": "", 
        "board": 1
    }
},
{
    "pk": 121, 
    "model": "core.pin", 
    "fields": {
        "created_at": "2013-07-15T13:25:11.511Z", 
        "item": 1, 
        "user": 1, 
        "influencer": 1, 
        "message": "", 
        "board": 1
    }
},
{
    "pk": 122, 
    "model": "core.pin", 
    "fields": {
        "created_at": "2013-07-15T13:25:13.966Z", 
        "item": 5, 
        "user": 1, 
        "influencer": 1, 
        "message": "", 
        "board": 1
    }
},
{
    "pk": 123, 
    "model": "core.pin", 
    "fields": {
        "created_at": "2013-07-15T13:27:13.594Z", 
        "item": 5, 
        "user": 1, 
        "influencer": 1, 
        "message": "", 
        "board": 1
    }
},
{
    "pk": 124, 
    "model": "core.pin", 
    "fields": {
        "created_at": "2013-07-15T13:27:15.578Z", 
        "item": 7, 
        "user": 1, 
        "influencer": 1, 
        "message": "", 
        "board": 1
    }
},
{
    "pk": 125, 
    "model": "core.pin", 
    "fields": {
        "created_at": "2013-07-15T13:27:51.968Z", 
        "item": 6, 
        "user": 1, 
        "influencer": 1, 
        "message": "", 
        "board": 1
    }
},
{
    "pk": 126, 
    "model": "core.pin", 
    "fields": {
        "created_at": "2013-07-15T13:28:26.801Z", 
        "item": 10, 
        "user": 1, 
        "influencer": 1, 
        "message": "", 
        "board": 1
    }
},
{
    "pk": 127, 
    "model": "core.pin", 
    "fields": {
        "created_at": "2013-07-15T13:28:30.484Z", 
        "item": 11, 
        "user": 1, 
        "influencer": 1, 
        "message": "", 
        "board": 1
    }
},
{
    "pk": 128, 
    "model": "core.pin", 
    "fields": {
        "created_at": "2013-07-15T13:31:04.562Z", 
        "item": 5, 
        "user": 1, 
        "influencer": 1, 
        "message": "", 
        "board": 1
    }
},
{
    "pk": 129, 
    "model": "core.pin", 
    "fields": {
        "created_at": "2013-07-15T13:32:29.353Z", 
        "item": 3, 
        "user": 1, 
        "influencer": 1, 
        "message": "", 
        "board": 1
    }
},
{
    "pk": 130, 
    "model": "core.pin", 
    "fields": {
        "created_at": "2013-07-15T13:34:43.832Z", 
        "item": 3, 
        "user": 1, 
        "influencer": 1, 
        "message": "", 
        "board": 1
    }
},
{
    "pk": 131, 
    "model": "core.pin", 
    "fields": {
        "created_at": "2013-07-15T13:35:23.261Z", 
        "item": 11, 
        "user": 1, 
        "influencer": 1, 
        "message": "", 
        "board": 1
    }
},
{
    "pk": 132, 
    "model": "core.pin", 
    "fields": {
        "created_at": "2013-07-15T13:36:05.784Z", 
        "item": 5, 
        "user": 1, 
        "influencer": 1, 
        "message": "", 
        "board": 1
    }
},
{
    "pk": 133, 
    "model": "core.pin", 
    "fields": {
        "created_at": "2013-07-15T13:36:15.114Z", 
        "item": 3, 
        "user": 1, 
        "influencer": 1, 
        "message": "", 
        "board": 1
    }
},
{
    "pk": 134, 
    "model": "core.pin", 
    "fields": {
        "created_at": "2013-07-15T13:36:21.696Z", 
        "item": 2, 
        "user": 1, 
        "influencer": 1, 
        "message": "", 
        "board": 1
    }
},
{
    "pk": 135, 
    "model": "core.pin", 
    "fields": {
        "created_at": "2013-07-15T13:39:33.882Z", 
        "item": 3, 
        "user": 1, 
        "influencer": 1, 
        "message": "", 
        "board": 1
    }
},
{
    "pk": 136, 
    "model": "core.pin", 
    "fields": {
        "created_at": "2013-07-15T13:42:29.329Z", 
        "item": 3, 
        "user": 1, 
        "influencer": 1, 
        "message": "", 
        "board": 1
    }
},
{
    "pk": 137, 
    "model": "core.pin", 
    "fields": {
        "created_at": "2013-07-15T13:59:12.927Z", 
        "item": 3, 
        "user": 1, 
        "influencer": 1, 
        "message": "", 
        "board": 1
    }
},
{
    "pk": 138, 
    "model": "core.pin", 
    "fields": {
        "created_at": "2013-07-15T15:26:16.509Z", 
        "item": 3, 
        "user": 1, 
        "influencer": 1, 
        "message": "", 
        "board": 1
    }
},
{
    "pk": 139, 
    "model": "core.pin", 
    "fields": {
        "created_at": "2013-07-15T15:27:20.074Z", 
        "item": 6, 
        "user": 1, 
        "influencer": 1, 
        "message": "", 
        "board": 1
    }
},
{
    "pk": 140, 
    "model": "core.pin", 
    "fields": {
        "created_at": "2013-07-15T15:27:36.999Z", 
        "item": 9, 
        "user": 1, 
        "influencer": 1, 
        "message": "", 
        "board": 1
    }
},
{
    "pk": 141, 
    "model": "core.pin", 
    "fields": {
        "created_at": "2013-07-15T15:29:24.763Z", 
        "item": 5, 
        "user": 1, 
        "influencer": 1, 
        "message": "", 
        "board": 1
    }
},
{
    "pk": 142, 
    "model": "core.pin", 
    "fields": {
        "created_at": "2013-07-16T16:42:59.417Z", 
        "item": 3, 
        "user": 1, 
        "influencer": 1, 
        "message": "", 
        "board": 1
    }
},
{
    "pk": 143, 
    "model": "core.pin", 
    "fields": {
        "created_at": "2013-07-16T16:43:08.529Z", 
        "item": 5, 
        "user": 1, 
        "influencer": 1, 
        "message": "", 
        "board": 1
    }
},
{
    "pk": 144, 
    "model": "core.pin", 
    "fields": {
        "created_at": "2013-07-16T16:49:12.133Z", 
        "item": 3, 
        "user": 1, 
        "influencer": 1, 
        "message": "", 
        "board": 1
    }
},
{
    "pk": 145, 
    "model": "core.pin", 
    "fields": {
        "created_at": "2013-07-16T16:49:19.673Z", 
        "item": 7, 
        "user": 1, 
        "influencer": 1, 
        "message": "", 
        "board": 1
    }
},
{
    "pk": 146, 
    "model": "core.pin", 
    "fields": {
        "created_at": "2013-07-16T16:49:25.861Z", 
        "item": 10, 
        "user": 1, 
        "influencer": 1, 
        "message": "", 
        "board": 1
    }
},
{
    "pk": 147, 
    "model": "core.pin", 
    "fields": {
        "created_at": "2013-07-16T16:50:29.426Z", 
        "item": 1, 
        "user": 1, 
        "influencer": 1, 
        "message": "", 
        "board": 1
    }
},
{
    "pk": 148, 
    "model": "core.pin", 
    "fields": {
        "created_at": "2013-07-16T16:51:42.520Z", 
        "item": 7, 
        "user": 1, 
        "influencer": 1, 
        "message": "", 
        "board": 1
    }
},
{
    "pk": 149, 
    "model": "core.pin", 
    "fields": {
        "created_at": "2013-07-16T16:53:11.393Z", 
        "item": 7, 
        "user": 1, 
        "influencer": 1, 
        "message": "", 
        "board": 1
    }
},
{
    "pk": 150, 
    "model": "core.pin", 
    "fields": {
        "created_at": "2013-07-16T16:56:56.193Z", 
        "item": 7, 
        "user": 1, 
        "influencer": 1, 
        "message": "", 
        "board": 1
    }
},
{
    "pk": 151, 
    "model": "core.pin", 
    "fields": {
        "created_at": "2013-07-16T16:57:09.030Z", 
        "item": 7, 
        "user": 1, 
        "influencer": 1, 
        "message": "", 
        "board": 1
    }
},
{
    "pk": 152, 
    "model": "core.pin", 
    "fields": {
        "created_at": "2013-07-16T16:57:11.460Z", 
        "item": 5, 
        "user": 1, 
        "influencer": 1, 
        "message": "", 
        "board": 1
    }
},
{
    "pk": 153, 
    "model": "core.pin", 
    "fields": {
        "created_at": "2013-07-16T16:57:17.944Z", 
        "item": 9, 
        "user": 1, 
        "influencer": 1, 
        "message": "", 
        "board": 1
    }
},
{
    "pk": 154, 
    "model": "core.pin", 
    "fields": {
        "created_at": "2013-07-19T08:44:12.961Z", 
        "item": 1, 
        "user": 1, 
        "influencer": 1, 
        "message": "", 
        "board": 1
    }
},
{
    "pk": 155, 
    "model": "core.pin", 
    "fields": {
        "created_at": "2013-07-19T09:00:58.643Z", 
        "item": 1, 
        "user": 1, 
        "influencer": 1, 
        "message": "Love it!", 
        "board": 2
    }
},
{
    "pk": 156, 
    "model": "core.pin", 
    "fields": {
        "created_at": "2013-07-19T09:02:23.211Z", 
        "item": 5, 
        "user": 1, 
        "influencer": 1, 
        "message": "", 
        "board": 2
    }
},
{
    "pk": 157, 
    "model": "core.pin", 
    "fields": {
        "created_at": "2013-07-19T09:05:05.623Z", 
        "item": 5, 
        "user": 1, 
        "influencer": 1, 
        "message": "", 
        "board": 2
    }
},
{
    "pk": 158, 
    "model": "core.pin", 
    "fields": {
        "created_at": "2013-07-19T09:05:27.688Z", 
        "item": 10, 
        "user": 1, 
        "influencer": 1, 
        "message": "", 
        "board": 2
    }
},
{
    "pk": 159, 
    "model": "core.pin", 
    "fields": {
        "created_at": "2013-07-19T09:09:43.150Z", 
        "item": 10, 
        "user": 1, 
        "influencer": 1, 
        "message": "", 
        "board": 2
    }
},
{
    "pk": 160, 
    "model": "core.pin", 
    "fields": {
        "created_at": "2013-09-09T12:02:11.103Z", 
        "item": 1, 
        "user": 1, 
        "influencer": 1, 
        "message": "", 
        "board": 2
    }
},
{
    "pk": 161, 
    "model": "core.pin", 
    "fields": {
        "created_at": "2013-09-09T12:02:35.926Z", 
        "item": 5, 
        "user": 1, 
        "influencer": 1, 
        "message": "", 
        "board": 2
    }
},
{
    "pk": 162, 
    "model": "core.pin", 
    "fields": {
        "created_at": "2013-09-09T12:05:08.245Z", 
        "item": 1, 
        "user": 1, 
        "influencer": 1, 
        "message": "", 
        "board": 2
    }
},
{
    "pk": 163, 
    "model": "core.pin", 
    "fields": {
        "created_at": "2013-09-09T12:05:16.282Z", 
        "item": 10, 
        "user": 1, 
        "influencer": 1, 
        "message": "", 
        "board": 2
    }
},
{
    "pk": 164, 
    "model": "core.pin", 
    "fields": {
        "created_at": "2013-09-09T12:32:49.890Z", 
        "item": 5, 
        "user": 1, 
        "influencer": 1, 
        "message": "", 
        "board": 2
    }
},
{
    "pk": 165, 
    "model": "core.pin", 
    "fields": {
        "created_at": "2013-09-09T12:46:10.927Z", 
        "item": 5, 
        "user": 1, 
        "influencer": 1, 
        "message": "", 
        "board": 2
    }
},
{
    "pk": 166, 
    "model": "core.pin", 
    "fields": {
        "created_at": "2013-09-09T12:46:12.576Z", 
        "item": 10, 
        "user": 1, 
        "influencer": 1, 
        "message": "", 
        "board": 2
    }
},
{
    "pk": 167, 
    "model": "core.pin", 
    "fields": {
        "created_at": "2013-09-10T09:23:53.212Z", 
        "item": 14, 
        "user": 1, 
        "influencer": 1, 
        "message": "Love it", 
        "board": 2
    }
},
{
    "pk": 168, 
    "model": "core.pin", 
    "fields": {
        "created_at": "2013-09-12T13:25:23.924Z", 
        "item": 1, 
        "user": 1, 
        "influencer": 1, 
        "message": "", 
        "board": 2
    }
},
{
    "pk": 169, 
    "model": "core.pin", 
    "fields": {
        "created_at": "2013-09-12T13:29:26.806Z", 
        "item": 5, 
        "user": 1, 
        "influencer": 1, 
        "message": "", 
        "board": 2
    }
},
{
    "pk": 170, 
    "model": "core.pin", 
    "fields": {
        "created_at": "2013-09-12T13:37:13.539Z", 
        "item": 1, 
        "user": 1, 
        "influencer": 1, 
        "message": "", 
        "board": 2
    }
},
{
    "pk": 171, 
    "model": "core.pin", 
    "fields": {
        "created_at": "2013-09-12T14:04:28.409Z", 
        "item": 5, 
        "user": 1, 
        "influencer": 1, 
        "message": "", 
        "board": 2
    }
},
{
    "pk": 172, 
    "model": "core.pin", 
    "fields": {
        "created_at": "2013-09-12T14:04:29.852Z", 
        "item": 6, 
        "user": 1, 
        "influencer": 1, 
        "message": "", 
        "board": 2
    }
},
{
    "pk": 173, 
    "model": "core.pin", 
    "fields": {
        "created_at": "2013-09-12T14:04:31.207Z", 
        "item": 11, 
        "user": 1, 
        "influencer": 1, 
        "message": "", 
        "board": 2
    }
},
{
    "pk": 174, 
    "model": "core.pin", 
    "fields": {
        "created_at": "2013-09-12T14:04:32.812Z", 
        "item": 14, 
        "user": 1, 
        "influencer": 1, 
        "message": "", 
        "board": 2
    }
},
{
    "pk": 175, 
    "model": "core.pin", 
    "fields": {
        "created_at": "2013-09-12T14:54:53.783Z", 
        "item": 1, 
        "user": 1, 
        "influencer": 1, 
        "message": "", 
        "board": 2
    }
},
{
    "pk": 176, 
    "model": "core.pin", 
    "fields": {
        "created_at": "2013-09-12T14:54:54.804Z", 
        "item": 5, 
        "user": 1, 
        "influencer": 1, 
        "message": "", 
        "board": 2
    }
},
{
    "pk": 177, 
    "model": "core.pin", 
    "fields": {
        "created_at": "2013-09-12T15:03:56.679Z", 
        "item": 18, 
        "user": 1, 
        "influencer": 1, 
        "message": "fgsfgsfgsdg", 
        "board": 2
    }
},
{
    "pk": 178, 
    "model": "core.pin", 
    "fields": {
        "created_at": "2013-09-13T14:23:40.916Z", 
        "item": 14, 
        "user": 1, 
        "influencer": 1, 
        "message": "", 
        "board": 2
    }
},
{
    "pk": 179, 
    "model": "core.pin", 
    "fields": {
        "created_at": "2013-09-13T14:23:44.488Z", 
        "item": 17, 
        "user": 1, 
        "influencer": 1, 
        "message": "", 
        "board": 2
    }
},
{
    "pk": 180, 
    "model": "core.pin", 
    "fields": {
        "created_at": "2014-09-29T19:14:33.216Z", 
        "item": 1, 
        "user": 1, 
        "influencer": 1, 
        "message": "", 
        "board": 2
    }
},
{
    "pk": 181, 
    "model": "core.pin", 
    "fields": {
        "created_at": "2014-10-07T11:06:37.764Z", 
        "item": 5, 
        "user": 1, 
        "influencer": 1, 
        "message": "", 
        "board": 2
    }
},
{
    "pk": 182, 
    "model": "core.pin", 
    "fields": {
        "created_at": "2014-10-07T11:06:47.311Z", 
        "item": 5, 
        "user": 1, 
        "influencer": 1, 
        "message": "", 
        "board": 2
    }
},
{
    "pk": 1, 
    "model": "admin.logentry", 
    "fields": {
        "action_flag": 1, 
        "action_time": "2013-07-02T12:37:40.935Z", 
        "object_repr": "Item object", 
        "object_id": "1", 
        "change_message": "", 
        "user": 1, 
        "content_type": 7
    }
},
{
    "pk": 2, 
    "model": "admin.logentry", 
    "fields": {
        "action_flag": 1, 
        "action_time": "2013-07-02T13:08:32.496Z", 
        "object_repr": "Item object", 
        "object_id": "2", 
        "change_message": "", 
        "user": 1, 
        "content_type": 7
    }
},
{
    "pk": 3, 
    "model": "admin.logentry", 
    "fields": {
        "action_flag": 1, 
        "action_time": "2013-07-02T13:08:39.668Z", 
        "object_repr": "Item object", 
        "object_id": "3", 
        "change_message": "", 
        "user": 1, 
        "content_type": 7
    }
},
{
    "pk": 4, 
    "model": "admin.logentry", 
    "fields": {
        "action_flag": 1, 
        "action_time": "2013-07-02T13:08:49.871Z", 
        "object_repr": "Item object", 
        "object_id": "4", 
        "change_message": "", 
        "user": 1, 
        "content_type": 7
    }
},
{
    "pk": 5, 
    "model": "admin.logentry", 
    "fields": {
        "action_flag": 1, 
        "action_time": "2013-07-02T13:09:01.605Z", 
        "object_repr": "Item object", 
        "object_id": "5", 
        "change_message": "", 
        "user": 1, 
        "content_type": 7
    }
},
{
    "pk": 6, 
    "model": "admin.logentry", 
    "fields": {
        "action_flag": 1, 
        "action_time": "2013-07-02T13:09:10.819Z", 
        "object_repr": "Item object", 
        "object_id": "6", 
        "change_message": "", 
        "user": 1, 
        "content_type": 7
    }
},
{
    "pk": 7, 
    "model": "admin.logentry", 
    "fields": {
        "action_flag": 1, 
        "action_time": "2013-07-02T13:09:15.859Z", 
        "object_repr": "Item object", 
        "object_id": "7", 
        "change_message": "", 
        "user": 1, 
        "content_type": 7
    }
},
{
    "pk": 8, 
    "model": "admin.logentry", 
    "fields": {
        "action_flag": 1, 
        "action_time": "2013-07-02T13:09:29.021Z", 
        "object_repr": "Item object", 
        "object_id": "8", 
        "change_message": "", 
        "user": 1, 
        "content_type": 7
    }
},
{
    "pk": 9, 
    "model": "admin.logentry", 
    "fields": {
        "action_flag": 1, 
        "action_time": "2013-07-02T13:09:32.859Z", 
        "object_repr": "Item object", 
        "object_id": "9", 
        "change_message": "", 
        "user": 1, 
        "content_type": 7
    }
},
{
    "pk": 10, 
    "model": "admin.logentry", 
    "fields": {
        "action_flag": 1, 
        "action_time": "2013-07-02T13:09:36.875Z", 
        "object_repr": "Item object", 
        "object_id": "10", 
        "change_message": "", 
        "user": 1, 
        "content_type": 7
    }
},
{
    "pk": 11, 
    "model": "admin.logentry", 
    "fields": {
        "action_flag": 1, 
        "action_time": "2013-07-02T13:09:41.104Z", 
        "object_repr": "Item object", 
        "object_id": "11", 
        "change_message": "", 
        "user": 1, 
        "content_type": 7
    }
},
{
    "pk": 12, 
    "model": "admin.logentry", 
    "fields": {
        "action_flag": 3, 
        "action_time": "2013-07-02T13:10:16.407Z", 
        "object_repr": "Item object", 
        "object_id": "8", 
        "change_message": "", 
        "user": 1, 
        "content_type": 7
    }
},
{
    "pk": 13, 
    "model": "admin.logentry", 
    "fields": {
        "action_flag": 2, 
        "action_time": "2013-07-02T13:18:03.514Z", 
        "object_repr": "Item object", 
        "object_id": "11", 
        "change_message": "Changed message.", 
        "user": 1, 
        "content_type": 7
    }
},
{
    "pk": 14, 
    "model": "admin.logentry", 
    "fields": {
        "action_flag": 2, 
        "action_time": "2013-07-02T13:18:03.523Z", 
        "object_repr": "Item object", 
        "object_id": "10", 
        "change_message": "Changed message.", 
        "user": 1, 
        "content_type": 7
    }
},
{
    "pk": 15, 
    "model": "admin.logentry", 
    "fields": {
        "action_flag": 2, 
        "action_time": "2013-07-02T13:18:03.531Z", 
        "object_repr": "Item object", 
        "object_id": "9", 
        "change_message": "Changed message.", 
        "user": 1, 
        "content_type": 7
    }
},
{
    "pk": 16, 
    "model": "admin.logentry", 
    "fields": {
        "action_flag": 2, 
        "action_time": "2013-07-02T13:18:03.539Z", 
        "object_repr": "Item object", 
        "object_id": "7", 
        "change_message": "Changed message.", 
        "user": 1, 
        "content_type": 7
    }
},
{
    "pk": 17, 
    "model": "admin.logentry", 
    "fields": {
        "action_flag": 1, 
        "action_time": "2013-07-02T14:53:29.280Z", 
        "object_repr": "Board object", 
        "object_id": "1", 
        "change_message": "", 
        "user": 1, 
        "content_type": 12
    }
},
{
    "pk": 18, 
    "model": "admin.logentry", 
    "fields": {
        "action_flag": 2, 
        "action_time": "2013-07-02T14:53:40.995Z", 
        "object_repr": "Board object", 
        "object_id": "1", 
        "change_message": "Changed name and slug.", 
        "user": 1, 
        "content_type": 12
    }
},
{
    "pk": 19, 
    "model": "admin.logentry", 
    "fields": {
        "action_flag": 2, 
        "action_time": "2013-07-02T14:53:47.292Z", 
        "object_repr": "Board object", 
        "object_id": "1", 
        "change_message": "Changed name and slug.", 
        "user": 1, 
        "content_type": 12
    }
},
{
    "pk": 20, 
    "model": "admin.logentry", 
    "fields": {
        "action_flag": 3, 
        "action_time": "2013-07-15T13:35:58.918Z", 
        "object_repr": "Follow object", 
        "object_id": "4", 
        "change_message": "", 
        "user": 1, 
        "content_type": 14
    }
},
{
    "pk": 21, 
    "model": "admin.logentry", 
    "fields": {
        "action_flag": 3, 
        "action_time": "2013-07-15T13:35:58.923Z", 
        "object_repr": "Follow object", 
        "object_id": "3", 
        "change_message": "", 
        "user": 1, 
        "content_type": 14
    }
},
{
    "pk": 22, 
    "model": "admin.logentry", 
    "fields": {
        "action_flag": 3, 
        "action_time": "2013-07-15T13:35:58.927Z", 
        "object_repr": "Follow object", 
        "object_id": "2", 
        "change_message": "", 
        "user": 1, 
        "content_type": 14
    }
},
{
    "pk": 23, 
    "model": "admin.logentry", 
    "fields": {
        "action_flag": 1, 
        "action_time": "2013-07-19T08:41:27.190Z", 
        "object_repr": "Item object", 
        "object_id": "12", 
        "change_message": "", 
        "user": 1, 
        "content_type": 11
    }
},
{
    "pk": 24, 
    "model": "admin.logentry", 
    "fields": {
        "action_flag": 1, 
        "action_time": "2013-07-19T08:42:08.778Z", 
        "object_repr": "Item object", 
        "object_id": "13", 
        "change_message": "", 
        "user": 1, 
        "content_type": 11
    }
},
{
    "pk": 25, 
    "model": "admin.logentry", 
    "fields": {
        "action_flag": 1, 
        "action_time": "2013-07-19T08:42:09.102Z", 
        "object_repr": "Item object", 
        "object_id": "14", 
        "change_message": "", 
        "user": 1, 
        "content_type": 11
    }
},
{
    "pk": 26, 
    "model": "admin.logentry", 
    "fields": {
        "action_flag": 1, 
        "action_time": "2013-07-19T08:42:26.002Z", 
        "object_repr": "Item object", 
        "object_id": "15", 
        "change_message": "", 
        "user": 1, 
        "content_type": 11
    }
},
{
    "pk": 27, 
    "model": "admin.logentry", 
    "fields": {
        "action_flag": 1, 
        "action_time": "2013-07-19T08:42:35.116Z", 
        "object_repr": "Item object", 
        "object_id": "16", 
        "change_message": "", 
        "user": 1, 
        "content_type": 11
    }
},
{
    "pk": 28, 
    "model": "admin.logentry", 
    "fields": {
        "action_flag": 1, 
        "action_time": "2013-07-19T08:42:44.892Z", 
        "object_repr": "Item object", 
        "object_id": "17", 
        "change_message": "", 
        "user": 1, 
        "content_type": 11
    }
},
{
    "pk": 29, 
    "model": "admin.logentry", 
    "fields": {
        "action_flag": 1, 
        "action_time": "2013-07-19T08:42:52.155Z", 
        "object_repr": "Item object", 
        "object_id": "18", 
        "change_message": "", 
        "user": 1, 
        "content_type": 11
    }
},
{
    "pk": 30, 
    "model": "admin.logentry", 
    "fields": {
        "action_flag": 1, 
        "action_time": "2013-07-19T08:43:03.144Z", 
        "object_repr": "Item object", 
        "object_id": "19", 
        "change_message": "", 
        "user": 1, 
        "content_type": 11
    }
},
{
    "pk": 31, 
    "model": "admin.logentry", 
    "fields": {
        "action_flag": 3, 
        "action_time": "2013-07-19T09:04:51.319Z", 
        "object_repr": "Item object", 
        "object_id": "13", 
        "change_message": "", 
        "user": 1, 
        "content_type": 11
    }
},
{
    "pk": 32, 
    "model": "admin.logentry", 
    "fields": {
        "action_flag": 2, 
        "action_time": "2013-09-10T09:25:36.396Z", 
        "object_repr": "admin", 
        "object_id": "1", 
        "change_message": "Changed password and email.", 
        "user": 1, 
        "content_type": 4
    }
}
]
